NaN,23,22,21,20,19,18,17,16,15,14,13,12,11,10,9,8,7,6,5,4,3,2,1
7750,27,27,27,27,27,27,27,27,27,27,27,27,27,27,27,27,35,35,35,35,49,49,49
7750.5,27,27,27,27,27,27,27,27,27,27,27,27,27,27,27,27,35,35,35,35,49,49,49
7751,27,27,27,27,27,27,27,27,27,27,27,27,27,27,27,27,35,35,35,35,49,49,49
7751.5,27,27,27,27,27,27,27,27,27,27,27,27,27,27,27,27,35,35,35,35,49,49,49
7752,27,27,27,27,27,27,27,27,27,27,27,27,27,27,27,27,35,35,35,35,49,49,49
7752.5,27,27,27,27,27,27,27,27,27,27,27,27,27,27,27,27,35,35,35,35,49,49,49
7753,27,27,27,27,27,27,27,27,27,27,27,27,27,27,27,27,35,35,35,35,49,49,49
7753.5,27,27,27,27,27,27,27,27,27,27,27,27,27,27,27,27,35,35,35,35,49,49,49
7754,27,27,27,27,27,27,27,27,27,27,27,27,27,27,27,27,35,35,35,35,49,49,49
7754.5,27,27,27,27,27,27,27,27,27,27,27,27,27,27,27,27,35,35,35,35,49,49,49
7755,42,42,42,27,27,27,27,27,27,27,27,27,27,27,27,27,35,35,35,35,49,49,49
7755.5,42,42,42,27,27,27,27,27,27,27,27,27,27,27,27,27,35,35,35,35,49,49,49
7756,42,42,42,27,27,27,27,27,27,27,27,27,27,27,27,27,35,35,35,35,49,49,49
7756.5,42,42,42,27,27,27,27,27,27,27,27,27,27,27,27,27,35,35,35,35,49,49,49
7757,27,27,27,27,27,27,27,27,27,27,27,27,27,27,27,27,35,35,35,35,49,49,49
7757.5,27,27,27,27,27,27,27,27,27,27,27,27,27,27,27,27,35,35,35,35,49,49,49
7758,42,42,42,27,27,27,27,27,27,27,27,27,27,27,27,27,35,35,35,35,49,49,49
7758.5,42,42,42,27,27,27,27,27,27,27,27,27,27,27,27,27,35,35,35,35,49,49,49
7759,42,42,42,27,27,27,27,27,27,27,27,27,27,27,27,27,35,35,35,35,49,49,49
7759.5,42,42,42,27,27,27,27,27,27,27,27,27,27,27,27,27,35,35,35,35,49,49,49
7760,42,42,42,27,27,27,27,27,27,27,27,27,27,27,27,27,35,35,35,35,49,49,49
7760.5,42,42,42,27,27,27,27,27,27,27,27,27,27,27,27,27,35,35,35,35,49,49,49
7761,42,42,42,27,27,27,27,27,27,27,27,27,27,27,27,27,35,35,35,35,49,49,49
7761.5,42,42,42,27,27,27,27,27,27,27,27,27,27,27,27,27,35,35,35,35,49,49,49
7762,27,27,27,27,27,27,27,27,27,27,27,27,27,27,27,27,35,35,35,35,49,49,49
7762.5,27,27,27,27,27,27,27,27,27,27,27,27,27,27,27,27,35,35,35,35,49,49,49
7763,27,27,27,27,27,27,27,27,27,27,27,27,27,27,27,27,35,35,35,35,49,49,49
7763.5,27,27,27,27,27,27,27,27,27,27,27,27,27,27,27,27,35,35,35,35,49,49,49
7764,27,27,27,27,27,27,27,27,27,27,27,27,27,27,27,27,35,35,35,35,49,49,49
7764.5,27,27,27,27,27,27,27,27,27,27,27,27,27,27,27,27,35,35,35,35,49,49,49
7765,27,27,27,27,27,27,27,27,27,27,27,27,27,27,27,27,35,35,35,35,49,49,49
7765.5,27,27,27,27,27,27,27,27,27,27,27,27,27,27,27,27,35,35,35,35,49,49,49
7766,27,27,27,27,27,27,27,27,27,27,27,27,27,27,27,27,35,35,35,35,49,49,49
7766.5,27,27,27,27,27,27,27,27,27,27,27,27,27,27,27,27,35,35,35,35,49,49,49
7767,42,42,42,27,27,27,27,27,27,27,27,27,27,27,27,27,35,35,35,35,49,49,49
7767.5,42,42,42,27,27,27,27,27,27,27,27,27,27,27,27,27,35,35,35,35,49,49,49
7768,42,42,42,27,27,27,27,27,27,27,27,27,27,27,27,27,35,35,35,35,49,49,49
7768.5,42,42,42,27,27,27,27,27,27,27,27,27,27,27,27,27,35,35,35,35,49,49,49
7769,27,27,27,27,27,27,27,27,27,27,27,27,27,27,27,27,35,35,35,35,49,49,49
7769.5,27,27,27,27,27,27,27,27,27,27,27,27,27,27,27,27,35,35,35,35,49,49,49
7770,27,27,27,27,27,27,27,27,27,27,27,27,27,27,27,27,35,35,35,35,49,49,49
7770.5,27,27,27,27,27,27,27,27,27,27,27,27,27,27,27,27,35,35,35,35,49,49,49
7771,27,27,27,27,27,27,27,27,27,27,27,27,27,27,27,27,35,35,35,35,49,49,49
7771.5,27,27,27,27,27,27,27,27,27,27,27,27,27,27,27,27,35,35,35,35,49,49,49
7772,42,42,42,27,27,27,27,27,27,27,27,27,27,27,27,27,35,35,35,35,49,49,49
7772.5,42,42,42,27,27,27,27,27,27,27,27,27,27,27,27,27,35,35,35,35,49,49,49
7773,42,42,42,27,27,27,27,27,27,27,27,27,27,27,27,27,35,35,35,35,49,49,49
7773.5,42,42,42,27,27,27,27,27,27,27,27,27,27,27,27,27,35,35,35,35,49,49,49
7774,42,42,42,27,27,27,27,27,27,27,27,27,27,27,27,27,35,35,35,35,49,49,49
7774.5,27,27,27,27,27,27,27,27,27,27,27,27,27,27,27,27,35,35,35,35,49,49,49
7775,27,27,27,27,27,27,27,27,27,27,27,27,27,27,27,27,35,35,35,35,49,49,49
7775.5,27,27,27,27,27,27,27,27,27,27,27,27,27,27,27,27,35,35,35,35,49,49,49
7776,27,27,27,27,27,27,27,27,27,27,27,27,27,27,27,27,35,35,35,35,49,49,49
7776.5,27,27,27,27,27,27,27,27,27,27,27,27,27,27,27,27,35,35,35,35,49,49,49
7777,27,27,27,27,27,27,27,27,27,27,27,27,27,27,27,27,35,35,35,35,49,49,49
7777.5,42,42,42,27,27,27,27,27,27,27,27,27,27,27,27,27,35,35,35,35,49,49,49
7778,42,42,42,27,27,27,27,27,27,27,27,27,27,27,27,27,35,35,35,35,49,49,49
7778.5,42,42,42,27,27,27,27,27,27,27,27,27,27,27,27,27,35,35,35,35,49,49,49
7779,42,42,42,27,27,27,27,27,27,27,27,27,27,27,27,27,35,35,35,35,49,49,49
7779.5,27,27,27,27,27,27,27,27,27,27,27,27,27,27,27,27,35,35,35,35,49,49,49
7780,27,27,27,27,27,27,27,27,27,27,27,27,27,27,27,27,35,35,35,35,49,49,49
7780.5,27,27,27,27,27,27,27,27,27,27,27,27,27,27,27,27,35,35,35,35,49,49,49
7781,42,42,42,27,27,27,27,27,27,27,27,27,27,27,27,27,35,35,35,35,49,49,49
7781.5,42,42,42,27,27,27,27,27,27,27,27,27,27,27,27,27,35,35,35,35,49,49,49
7782,42,42,42,27,27,27,27,27,27,27,27,27,27,27,27,27,35,35,35,35,49,49,49
7782.5,27,27,27,27,27,27,27,27,27,27,27,27,27,27,27,27,35,35,35,35,49,49,49
7783,27,27,27,27,27,27,27,27,27,27,27,27,27,27,27,27,35,35,35,35,49,49,49
7783.5,27,27,27,27,27,27,27,27,27,27,27,27,27,27,27,27,35,35,35,35,49,49,49
7784,27,27,27,27,27,27,27,27,27,27,27,27,27,27,27,27,35,35,35,35,49,49,49
7784.5,27,27,27,27,27,27,27,27,27,27,27,27,27,27,27,27,35,35,35,35,49,49,49
7785,42,42,42,27,27,27,27,27,27,27,27,27,27,27,27,27,35,35,35,35,49,49,49
7785.5,42,42,42,27,27,27,27,27,27,27,27,27,27,27,27,27,35,35,35,35,49,49,49
7786,42,42,42,27,27,27,27,27,27,27,27,27,27,27,27,27,35,35,35,35,49,49,49
7786.5,27,27,27,27,27,27,27,27,27,27,27,27,27,27,27,27,35,35,35,35,49,49,49
7787,27,27,27,27,27,27,27,27,27,27,27,27,27,27,27,27,35,35,35,35,49,49,49
7787.5,27,27,27,27,27,27,27,27,27,27,27,27,27,27,27,27,35,35,35,35,49,49,49
7788,27,27,27,27,27,27,27,27,27,27,27,27,27,27,27,27,35,35,35,35,49,49,49
7788.5,27,27,27,27,27,27,27,27,27,27,27,27,27,27,27,27,35,35,35,35,49,49,49
7789,27,27,27,27,27,27,27,27,27,27,27,27,27,27,27,27,35,35,35,35,49,49,49
7789.5,42,42,42,27,27,27,27,27,27,27,27,27,27,27,27,27,35,35,35,35,49,49,49
7790,27,27,27,27,27,27,27,27,27,27,27,27,27,27,27,27,35,35,35,35,49,49,49
7790.5,27,27,27,27,27,27,27,27,27,27,27,27,27,27,27,27,35,35,35,35,49,49,49
7791,27,27,27,27,27,27,27,27,27,27,27,27,27,27,27,27,35,35,35,35,49,49,49
7791.5,27,27,27,27,27,27,27,27,27,27,27,27,27,27,27,27,35,35,35,35,49,49,49
7792,27,27,27,27,27,27,27,27,27,27,27,27,27,27,27,27,35,35,35,35,49,49,49
7792.5,27,27,27,27,27,27,27,27,27,27,27,27,27,27,27,27,35,35,35,35,49,49,49
7793,27,27,27,27,27,27,27,27,27,27,27,27,27,27,27,27,35,35,35,35,49,49,49
7793.5,27,27,27,27,27,27,27,27,27,27,27,27,27,27,27,27,35,35,35,35,49,49,49
7794,27,27,27,27,27,27,27,27,27,27,27,27,27,27,27,27,35,35,35,35,49,49,49
7794.5,27,27,27,27,27,27,27,27,27,27,27,27,27,27,27,27,35,35,35,35,49,49,49
7795,41,41,41,41,41,41,34,34,34,34,34,34,34,20,20,20,20,20,20,49,49,49,49
7795.5,41,41,41,41,41,41,34,34,34,34,34,34,34,20,20,20,20,20,20,49,49,49,49
7796,41,41,41,41,41,41,34,34,34,34,34,34,34,20,20,20,20,20,20,49,49,49,49
7796.5,41,41,41,41,41,41,34,34,34,34,34,34,34,20,20,20,20,20,20,49,49,49,49
7797,41,41,41,41,41,41,34,34,34,34,34,34,34,20,20,20,20,20,20,49,49,49,49
7797.5,34,34,34,34,34,34,34,34,34,34,34,34,34,20,20,20,20,20,20,49,49,49,49
7798,34,34,34,34,34,34,34,34,34,34,34,34,34,20,20,20,20,20,20,49,49,49,49
7798.5,34,34,34,34,34,34,34,34,34,34,34,34,34,20,20,20,20,20,20,49,49,49,49
7799,34,34,34,34,34,34,34,34,34,34,34,34,34,20,20,20,20,20,20,49,49,49,49
7799.5,26,26,26,26,26,26,26,26,26,26,26,26,26,26,26,26,47,20,20,49,49,49,49
7800,26,26,26,26,26,26,26,26,26,26,26,26,26,26,26,26,47,20,20,49,49,49,49
7800.5,26,26,26,26,26,26,26,26,26,26,26,26,26,26,26,26,47,20,20,49,49,49,49
7801,33,33,26,26,26,26,26,26,26,26,26,26,26,26,26,26,47,20,20,49,49,49,49
7801.5,33,33,26,26,26,26,26,26,26,26,26,26,26,26,26,26,47,20,20,49,49,49,49
7802,25,25,25,25,25,25,25,24,24,24,24,24,24,24,24,24,31,31,43,43,43,43,49
7802.5,25,25,25,25,25,25,25,24,24,24,24,24,24,24,24,24,31,31,43,43,43,43,49
7803,24,24,24,24,24,24,24,24,24,24,24,24,24,24,24,24,31,31,43,43,43,43,49
7803.5,25,25,25,25,25,25,25,24,24,24,24,24,24,24,24,24,31,31,43,43,43,43,49
7804,25,25,25,25,25,25,25,24,24,24,24,24,24,24,24,24,31,31,43,43,43,43,49
7804.5,25,25,25,25,25,25,25,24,24,24,24,24,24,24,24,24,31,31,43,43,43,43,49
7805,25,25,25,25,25,25,25,24,24,24,24,24,24,24,24,24,31,31,43,43,43,43,49
7805.5,32,25,25,25,25,25,25,24,24,24,24,24,24,24,24,24,31,31,43,43,43,43,49
7806,31,31,31,31,31,31,31,31,31,31,31,31,31,31,31,31,31,31,43,43,43,43,49
7806.5,31,31,31,31,31,31,31,31,31,31,31,31,31,31,31,31,31,31,43,43,43,43,49
7807,31,31,31,31,31,31,31,31,31,31,31,31,31,31,31,31,31,31,43,43,43,43,49
7807.5,31,31,31,31,31,31,31,31,31,31,31,31,31,31,31,31,31,31,43,43,43,43,49
7808,31,31,31,31,31,31,31,31,31,31,31,31,31,31,31,31,31,31,43,43,43,43,49
7808.5,31,31,31,31,31,31,31,31,31,31,31,31,31,31,31,31,31,31,43,43,43,43,49
7809,31,31,31,31,31,31,31,31,31,31,31,31,31,31,31,31,31,31,43,43,43,43,49
7809.5,31,31,31,31,31,31,31,31,31,31,31,31,31,31,31,31,31,31,43,43,43,43,49
7810,31,31,31,31,31,31,31,31,31,31,31,31,31,31,31,31,31,31,43,43,43,43,49
7810.5,38,38,38,38,38,38,38,38,31,31,31,31,31,31,31,31,31,31,43,43,43,43,49
7811,38,38,38,38,38,38,38,38,31,31,31,31,31,31,31,31,31,31,43,43,43,43,49
7811.5,38,38,38,38,38,38,38,38,31,31,31,31,31,31,31,31,31,31,43,43,43,43,49
7812,38,38,38,38,38,38,38,38,31,31,31,31,31,31,31,31,31,31,43,43,43,43,49
7812.5,38,38,38,38,38,38,38,38,31,31,31,31,31,31,31,31,31,31,43,43,43,43,49
7813,38,38,38,38,38,38,38,38,31,31,31,31,31,31,31,31,31,31,43,43,43,43,49
7813.5,38,38,38,38,38,38,38,38,31,31,31,31,31,31,31,31,31,31,43,43,43,43,49
7814,38,38,38,38,38,38,38,38,31,31,31,31,31,31,31,31,31,31,43,43,43,43,49
7814.5,38,38,38,38,38,38,38,38,31,31,31,31,31,31,31,31,31,31,43,43,43,43,49
7815,38,38,38,38,38,38,38,38,31,31,31,31,31,31,31,31,31,31,43,43,43,43,49
7815.5,38,38,38,38,38,38,38,38,31,31,31,31,31,31,31,31,31,31,43,43,43,43,49
7816,38,38,38,38,38,38,38,38,31,31,31,31,31,31,31,31,31,31,43,43,43,43,49
7816.5,38,38,38,38,38,38,38,38,31,31,31,31,31,31,31,31,31,31,43,43,43,43,49
7817,38,38,38,38,38,38,38,38,31,31,31,31,31,31,31,31,31,31,43,43,43,43,49
7817.5,38,38,38,38,38,38,38,38,31,31,31,31,31,31,31,31,31,31,43,43,43,43,49
7818,38,38,38,38,38,38,38,38,31,31,31,31,31,31,31,31,31,31,43,43,43,43,49
7818.5,38,38,38,38,38,38,38,38,31,31,31,31,31,31,31,31,31,31,43,43,43,43,49
7819,38,38,38,38,38,38,38,38,31,31,31,31,31,31,31,31,31,31,43,43,43,43,49
7819.5,45,45,45,45,45,45,45,45,45,44,44,44,44,44,44,44,43,43,43,43,43,43,49
7820,45,45,45,45,45,45,45,45,45,44,44,44,44,44,44,44,43,43,43,43,43,43,49
7820.5,45,45,45,45,45,45,45,45,45,44,44,44,44,44,44,44,43,43,43,43,43,43,49
7821,45,45,45,45,45,45,45,45,45,44,44,44,44,44,44,44,43,43,43,43,43,43,49
7821.5,45,45,45,45,45,45,45,45,45,44,44,44,44,44,44,44,43,43,43,43,43,43,49
7822,45,45,45,45,45,45,45,45,45,44,44,44,44,44,44,44,43,43,43,43,43,43,49
7822.5,45,45,45,45,45,45,45,45,45,44,44,44,44,44,44,44,43,43,43,43,43,43,49
7823,45,45,45,45,45,45,45,45,45,44,44,44,44,44,44,44,43,43,43,43,43,43,49
7823.5,45,45,45,45,45,45,45,45,45,44,44,44,44,44,44,44,43,43,43,43,43,43,49
7824,45,45,45,45,45,45,45,45,45,44,44,44,44,44,44,44,43,43,43,43,43,43,49
7824.5,45,45,45,45,45,45,45,45,45,44,44,44,44,44,44,44,43,43,43,43,43,43,49
7825,45,45,45,45,45,45,45,45,45,44,44,44,44,44,44,44,43,43,43,43,43,43,49
7825.5,46,46,46,46,46,38,38,38,31,31,31,31,31,31,31,31,31,31,43,43,43,43,49
7826,46,46,46,46,46,38,38,38,31,31,31,31,31,31,31,31,31,31,43,43,43,43,49
7826.5,45,45,45,45,45,45,45,45,45,44,44,44,44,44,44,44,43,43,43,43,43,43,49
7827,45,45,45,45,45,45,45,45,45,44,44,44,44,44,44,44,43,43,43,43,43,43,49
7827.5,45,45,45,45,45,45,45,45,45,44,44,44,44,44,44,44,43,43,43,43,43,43,49
7828,45,45,45,45,45,45,45,45,45,44,44,44,44,44,44,44,43,43,43,43,43,43,49
7828.5,45,45,45,45,45,45,45,45,45,44,44,44,44,44,44,44,43,43,43,43,43,43,49
7829,45,45,45,45,45,45,45,45,45,44,44,44,44,44,44,44,43,43,43,43,43,43,49
7829.5,45,45,45,45,45,45,45,45,45,44,44,44,44,44,44,44,43,43,43,43,43,43,49
7830,45,45,45,45,45,45,45,45,45,44,44,44,44,44,44,44,43,43,43,43,43,43,49
7830.5,45,45,45,45,45,45,45,45,45,44,44,44,44,44,44,44,43,43,43,43,43,43,49
7831,45,45,45,45,45,45,45,45,45,44,44,44,44,44,44,44,43,43,43,43,43,43,49
7831.5,45,45,45,45,45,45,45,45,45,44,44,44,44,44,44,44,43,43,43,43,43,43,49
7832,45,45,45,45,45,45,45,45,45,44,44,44,44,44,44,44,43,43,43,43,43,43,49
7832.5,45,45,45,45,45,45,45,45,45,44,44,44,44,44,44,44,43,43,43,43,43,43,49
7833,46,46,46,46,46,38,38,38,31,31,31,31,31,31,31,31,31,31,43,43,43,43,49
7833.5,46,46,46,46,46,38,38,38,31,31,31,31,31,31,31,31,31,31,43,43,43,43,49
7834,46,46,46,46,46,38,38,38,31,31,31,31,31,31,31,31,31,31,43,43,43,43,49
7834.5,46,46,46,46,46,38,38,38,31,31,31,31,31,31,31,31,31,31,43,43,43,43,49
7835,46,46,46,46,46,38,38,38,31,31,31,31,31,31,31,31,31,31,43,43,43,43,49
7835.5,46,46,46,46,46,38,38,38,31,31,31,31,31,31,31,31,31,31,43,43,43,43,49
7836,46,46,46,46,46,38,38,38,31,31,31,31,31,31,31,31,31,31,43,43,43,43,49
7836.5,46,46,46,46,46,38,38,38,31,31,31,31,31,31,31,31,31,31,43,43,43,43,49
7837,46,46,46,46,46,38,38,38,31,31,31,31,31,31,31,31,31,31,43,43,43,43,49
7837.5,46,46,46,46,46,38,38,38,31,31,31,31,31,31,31,31,31,31,43,43,43,43,49
7838,46,46,46,46,46,38,38,38,31,31,31,31,31,31,31,31,31,31,43,43,43,43,49
7838.5,46,46,46,46,46,38,38,38,31,31,31,31,31,31,31,31,31,31,43,43,43,43,49
7839,46,46,46,46,46,38,38,38,31,31,31,31,31,31,31,31,31,31,43,43,43,43,49
7839.5,46,46,46,46,46,38,38,38,31,31,31,31,31,31,31,31,31,31,43,43,43,43,49
7840,46,46,46,46,46,38,38,38,31,31,31,31,31,31,31,31,31,31,43,43,43,43,49
7840.5,46,46,46,46,46,38,38,38,31,31,31,31,31,31,31,31,31,31,43,43,43,43,49
7841,46,46,46,46,46,38,38,38,31,31,31,31,31,31,31,31,31,31,43,43,43,43,49
7841.5,46,46,46,46,46,38,38,38,31,31,31,31,31,31,31,31,31,31,43,43,43,43,49
7842,46,46,46,46,46,38,38,38,31,31,31,31,31,31,31,31,31,31,43,43,43,43,49
7842.5,31,31,31,31,31,31,31,31,31,31,31,31,31,31,31,31,31,31,43,43,43,43,49
7843,31,31,31,31,31,31,31,31,31,31,31,31,31,31,31,31,31,31,43,43,43,43,49
7843.5,31,31,31,31,31,31,31,31,31,31,31,31,31,31,31,31,31,31,43,43,43,43,49
7844,31,31,31,31,31,31,31,31,31,31,31,31,31,31,31,31,31,31,43,43,43,43,49
7844.5,31,31,31,31,31,31,31,31,31,31,31,31,31,31,31,31,31,31,43,43,43,43,49
7845,31,31,31,31,31,31,31,31,31,31,31,31,31,31,31,31,31,31,43,43,43,43,49
7845.5,31,31,31,31,31,31,31,31,31,31,31,31,31,31,31,31,31,31,43,43,43,43,49
7846,31,31,31,31,31,31,31,31,31,31,31,31,31,31,31,31,31,31,43,43,43,43,49
7846.5,31,31,31,31,31,31,31,31,31,31,31,31,31,31,31,31,31,31,43,43,43,43,49
7847,31,31,31,31,31,31,31,31,31,31,31,31,31,31,31,31,31,31,43,43,43,43,49
7847.5,31,31,31,31,31,31,31,31,31,31,31,31,31,31,31,31,31,31,43,43,43,43,49
7848,31,31,31,31,31,31,31,31,31,31,31,31,31,31,31,31,31,31,43,43,43,43,49
7848.5,31,31,31,31,31,31,31,31,31,31,31,31,31,31,31,31,31,31,43,43,43,43,49
7849,31,31,31,31,31,31,31,31,31,31,31,31,31,31,31,31,31,31,43,43,43,43,49
7849.5,46,46,46,46,46,38,38,38,31,31,31,31,31,31,31,31,31,31,43,43,43,43,49
7850,46,46,46,46,46,38,38,38,31,31,31,31,31,31,31,31,31,31,43,43,43,43,49
7850.5,46,46,46,46,46,38,38,38,31,31,31,31,31,31,31,31,31,31,43,43,43,43,49
7851,46,46,46,46,46,38,38,38,31,31,31,31,31,31,31,31,31,31,43,43,43,43,49
7851.5,46,46,46,46,46,38,38,38,31,31,31,31,31,31,31,31,31,31,43,43,43,43,49
7852,46,46,46,46,46,38,38,38,31,31,31,31,31,31,31,31,31,31,43,43,43,43,49
7852.5,46,46,46,46,46,38,38,38,31,31,31,31,31,31,31,31,31,31,43,43,43,43,49
7853,46,46,46,46,46,38,38,38,31,31,31,31,31,31,31,31,31,31,43,43,43,43,49
7853.5,46,46,46,46,46,38,38,38,31,31,31,31,31,31,31,31,31,31,43,43,43,43,49
7854,46,46,46,46,46,38,38,38,31,31,31,31,31,31,31,31,31,31,43,43,43,43,49
7854.5,46,46,46,46,46,38,38,38,31,31,31,31,31,31,31,31,31,31,43,43,43,43,49
7855,46,46,46,46,46,38,38,38,31,31,31,31,31,31,31,31,31,31,43,43,43,43,49
7855.5,46,46,46,46,46,38,38,38,31,31,31,31,31,31,31,31,31,31,43,43,43,43,49
7856,31,31,31,31,31,31,31,31,31,31,31,31,31,31,31,31,31,31,43,43,43,43,49
7856.5,31,31,31,31,31,31,31,31,31,31,31,31,31,31,31,31,31,31,43,43,43,43,49
7857,31,31,31,31,31,31,31,31,31,31,31,31,31,31,31,31,31,31,43,43,43,43,49
7857.5,31,31,31,31,31,31,31,31,31,31,31,31,31,31,31,31,31,31,43,43,43,43,49
7858,31,31,31,31,31,31,31,31,31,31,31,31,31,31,31,31,31,31,43,43,43,43,49
7858.5,31,31,31,31,31,31,31,31,31,31,31,31,31,31,31,31,31,31,43,43,43,43,49
7859,46,46,46,46,46,38,38,38,31,31,31,31,31,31,31,31,31,31,43,43,43,43,49
7859.5,46,46,46,46,46,38,38,38,31,31,31,31,31,31,31,31,31,31,43,43,43,43,49
7860,46,46,46,46,46,38,38,38,31,31,31,31,31,31,31,31,31,31,43,43,43,43,49
7860.5,46,46,46,46,46,38,38,38,31,31,31,31,31,31,31,31,31,31,43,43,43,43,49
7861,46,46,46,46,46,38,38,38,31,31,31,31,31,31,31,31,31,31,43,43,43,43,49
7861.5,46,46,46,46,46,38,38,38,31,31,31,31,31,31,31,31,31,31,43,43,43,43,49
7862,46,46,46,46,46,38,38,38,31,31,31,31,31,31,31,31,31,31,43,43,43,43,49
7862.5,46,46,46,46,46,38,38,38,31,31,31,31,31,31,31,31,31,31,43,43,43,43,49
7863,46,46,46,46,46,38,38,38,31,31,31,31,31,31,31,31,31,31,43,43,43,43,49
7863.5,31,31,31,31,31,31,31,31,31,31,31,31,31,31,31,31,31,31,43,43,43,43,49
7864,46,46,46,46,46,38,38,38,31,31,31,31,31,31,31,31,31,31,43,43,43,43,49
7864.5,46,46,46,46,46,38,38,38,31,31,31,31,31,31,31,31,31,31,43,43,43,43,49
7865,46,46,46,46,46,38,38,38,31,31,31,31,31,31,31,31,31,31,43,43,43,43,49
7865.5,46,46,46,46,46,38,38,38,31,31,31,31,31,31,31,31,31,31,43,43,43,43,49
7866,46,46,46,46,46,38,38,38,31,31,31,31,31,31,31,31,31,31,43,43,43,43,49
7866.5,31,31,31,31,31,31,31,31,31,31,31,31,31,31,31,31,31,31,43,43,43,43,49
7867,31,31,31,31,31,31,31,31,31,31,31,31,31,31,31,31,31,31,43,43,43,43,49
7867.5,31,31,31,31,31,31,31,31,31,31,31,31,31,31,31,31,31,31,43,43,43,43,49
7868,46,46,46,46,46,38,38,38,31,31,31,31,31,31,31,31,31,31,43,43,43,43,49
7868.5,46,46,46,46,46,38,38,38,31,31,31,31,31,31,31,31,31,31,43,43,43,43,49
7869,46,46,46,46,46,38,38,38,31,31,31,31,31,31,31,31,31,31,43,43,43,43,49
7869.5,46,46,46,46,46,38,38,38,31,31,31,31,31,31,31,31,31,31,43,43,43,43,49
7870,38,38,38,38,38,38,38,38,31,31,31,31,31,31,31,31,31,31,43,43,43,43,49
7870.5,38,38,38,38,38,38,38,38,31,31,31,31,31,31,31,31,31,31,43,43,43,43,49
7871,38,38,38,38,38,38,38,38,31,31,31,31,31,31,31,31,31,31,43,43,43,43,49
7871.5,38,38,38,38,38,38,38,38,31,31,31,31,31,31,31,31,31,31,43,43,43,43,49
7872,32,25,25,25,25,25,25,24,24,24,24,24,24,24,24,24,31,31,43,43,43,43,49
7872.5,32,25,25,25,25,25,25,24,24,24,24,24,24,24,24,24,31,31,43,43,43,43,49
7873,32,25,25,25,25,25,25,24,24,24,24,24,24,24,24,24,31,31,43,43,43,43,49
7873.5,32,25,25,25,25,25,25,24,24,24,24,24,24,24,24,24,31,31,43,43,43,43,49
7874,32,25,25,25,25,25,25,24,24,24,24,24,24,24,24,24,31,31,43,43,43,43,49
7874.5,32,25,25,25,25,25,25,24,24,24,24,24,24,24,24,24,31,31,43,43,43,43,49
7875,32,25,25,25,25,25,25,24,24,24,24,24,24,24,24,24,31,31,43,43,43,43,49
7875.5,25,25,25,25,25,25,25,24,24,24,24,24,24,24,24,24,31,31,43,43,43,43,49
7876,25,25,25,25,25,25,25,24,24,24,24,24,24,24,24,24,31,31,43,43,43,43,49
7876.5,25,25,25,25,25,25,25,24,24,24,24,24,24,24,24,24,31,31,43,43,43,43,49
7877,25,25,25,25,25,25,25,24,24,24,24,24,24,24,24,24,31,31,43,43,43,43,49
7877.5,25,25,25,25,25,25,25,24,24,24,24,24,24,24,24,24,31,31,43,43,43,43,49
7878,25,25,25,25,25,25,25,24,24,24,24,24,24,24,24,24,31,31,43,43,43,43,49
7878.5,39,39,39,39,39,39,39,39,39,39,39,26,26,26,26,26,47,20,20,49,49,49,49
7879,39,39,39,39,39,39,39,39,39,39,39,26,26,26,26,26,47,20,20,49,49,49,49
7879.5,40,40,40,40,39,39,39,39,39,39,39,26,26,26,26,26,47,20,20,49,49,49,49
7880,40,40,40,40,39,39,39,39,39,39,39,26,26,26,26,26,47,20,20,49,49,49,49
7880.5,39,39,39,39,39,39,39,39,39,39,39,26,26,26,26,26,47,20,20,49,49,49,49
7881,39,39,39,39,39,39,39,39,39,39,39,26,26,26,26,26,47,20,20,49,49,49,49
7881.5,40,40,40,40,39,39,39,39,39,39,39,26,26,26,26,26,47,20,20,49,49,49,49
7882,34,34,34,34,34,34,34,34,34,34,34,34,34,20,20,20,20,20,20,49,49,49,49
7882.5,41,41,41,41,41,41,34,34,34,34,34,34,34,20,20,20,20,20,20,49,49,49,49
7883,41,41,41,41,41,41,34,34,34,34,34,34,34,20,20,20,20,20,20,49,49,49,49
7883.5,34,34,34,34,34,34,34,34,34,34,34,34,34,20,20,20,20,20,20,49,49,49,49
7884,26,26,26,26,26,26,26,26,26,26,26,26,26,26,26,26,47,20,20,49,49,49,49
7884.5,26,26,26,26,26,26,26,26,26,26,26,26,26,26,26,26,47,20,20,49,49,49,49
7885,26,26,26,26,26,26,26,26,26,26,26,26,26,26,26,26,47,20,20,49,49,49,49
7885.5,26,26,26,26,26,26,26,26,26,26,26,26,26,26,26,26,47,20,20,49,49,49,49
7886,26,26,26,26,26,26,26,26,26,26,26,26,26,26,26,26,47,20,20,49,49,49,49
7886.5,26,26,26,26,26,26,26,26,26,26,26,26,26,26,26,26,47,20,20,49,49,49,49
7887,26,26,26,26,26,26,26,26,26,26,26,26,26,26,26,26,47,20,20,49,49,49,49
7887.5,26,26,26,26,26,26,26,26,26,26,26,26,26,26,26,26,47,20,20,49,49,49,49
7888,26,26,26,26,26,26,26,26,26,26,26,26,26,26,26,26,47,20,20,49,49,49,49
7888.5,26,26,26,26,26,26,26,26,26,26,26,26,26,26,26,26,47,20,20,49,49,49,49
7889,26,26,26,26,26,26,26,26,26,26,26,26,26,26,26,26,47,20,20,49,49,49,49
7889.5,41,41,41,41,41,41,34,34,34,34,34,34,34,20,20,20,20,20,20,49,49,49,49
7890,41,41,41,41,41,41,34,34,34,34,34,34,34,20,20,20,20,20,20,49,49,49,49
7890.5,41,41,41,41,41,41,34,34,34,34,34,34,34,20,20,20,20,20,20,49,49,49,49
7891,41,41,41,41,41,41,34,34,34,34,34,34,34,20,20,20,20,20,20,49,49,49,49
7891.5,26,26,26,26,26,26,26,26,26,26,26,26,26,26,26,26,47,20,20,49,49,49,49
7892,26,26,26,26,26,26,26,26,26,26,26,26,26,26,26,26,47,20,20,49,49,49,49
7892.5,26,26,26,26,26,26,26,26,26,26,26,26,26,26,26,26,47,20,20,49,49,49,49
7893,26,26,26,26,26,26,26,26,26,26,26,26,26,26,26,26,47,20,20,49,49,49,49
7893.5,26,26,26,26,26,26,26,26,26,26,26,26,26,26,26,26,47,20,20,49,49,49,49
7894,26,26,26,26,26,26,26,26,26,26,26,26,26,26,26,26,47,20,20,49,49,49,49
7894.5,26,26,26,26,26,26,26,26,26,26,26,26,26,26,26,26,47,20,20,49,49,49,49
7895,19,19,19,19,19,19,19,19,19,19,18,18,18,18,18,18,18,18,49,49,49,49,49
7895.5,18,18,18,18,18,18,18,18,18,18,18,18,18,18,18,18,18,18,49,49,49,49,49
7896,3,3,3,3,3,3,3,3,3,3,3,3,3,3,3,3,3,3,15,15,1,43,49
7896.5,3,3,3,3,3,3,3,3,3,3,3,3,3,3,3,3,3,3,15,15,1,43,49
7897,3,3,3,3,3,3,3,3,3,3,3,3,3,3,3,3,3,3,15,15,1,43,49
7897.5,23,23,23,23,23,23,23,23,23,23,23,23,23,23,23,24,31,31,43,43,43,43,49
7898,24,24,24,24,24,24,24,24,24,24,24,24,24,24,24,24,31,31,43,43,43,43,49
7898.5,24,24,24,24,24,24,24,24,24,24,24,24,24,24,24,24,31,31,43,43,43,43,49
7899,24,24,24,24,24,24,24,24,24,24,24,24,24,24,24,24,31,31,43,43,43,43,49
7899.5,24,24,24,24,24,24,24,24,24,24,24,24,24,24,24,24,31,31,43,43,43,43,49
7900,24,24,24,24,24,24,24,24,24,24,24,24,24,24,24,24,31,31,43,43,43,43,49
7900.5,33,33,26,26,26,26,26,26,26,26,26,26,26,26,26,26,47,20,20,49,49,49,49
7901,26,26,26,26,26,26,26,26,26,26,26,26,26,26,26,26,47,20,20,49,49,49,49
7901.5,26,26,26,26,26,26,26,26,26,26,26,26,26,26,26,26,47,20,20,49,49,49,49
7902,33,33,26,26,26,26,26,26,26,26,26,26,26,26,26,26,47,20,20,49,49,49,49
7902.5,33,33,26,26,26,26,26,26,26,26,26,26,26,26,26,26,47,20,20,49,49,49,49
7903,24,24,24,24,24,24,24,24,24,24,24,24,24,24,24,24,31,31,43,43,43,43,49
7903.5,24,24,24,24,24,24,24,24,24,24,24,24,24,24,24,24,31,31,43,43,43,43,49
7904,24,24,24,24,24,24,24,24,24,24,24,24,24,24,24,24,31,31,43,43,43,43,49
7904.5,25,25,25,25,25,25,25,24,24,24,24,24,24,24,24,24,31,31,43,43,43,43,49
7905,25,25,25,25,25,25,25,24,24,24,24,24,24,24,24,24,31,31,43,43,43,43,49
7905.5,25,25,25,25,25,25,25,24,24,24,24,24,24,24,24,24,31,31,43,43,43,43,49
7906,25,25,25,25,25,25,25,24,24,24,24,24,24,24,24,24,31,31,43,43,43,43,49
7906.5,33,33,26,26,26,26,26,26,26,26,26,26,26,26,26,26,47,20,20,49,49,49,49
7907,33,33,26,26,26,26,26,26,26,26,26,26,26,26,26,26,47,20,20,49,49,49,49
7907.5,33,33,26,26,26,26,26,26,26,26,26,26,26,26,26,26,47,20,20,49,49,49,49
7908,25,25,25,25,25,25,25,24,24,24,24,24,24,24,24,24,31,31,43,43,43,43,49
7908.5,33,33,26,26,26,26,26,26,26,26,26,26,26,26,26,26,47,20,20,49,49,49,49
7909,25,25,25,25,25,25,25,24,24,24,24,24,24,24,24,24,31,31,43,43,43,43,49
7909.5,25,25,25,25,25,25,25,24,24,24,24,24,24,24,24,24,31,31,43,43,43,43,49
7910,25,25,25,25,25,25,25,24,24,24,24,24,24,24,24,24,31,31,43,43,43,43,49
7910.5,25,25,25,25,25,25,25,24,24,24,24,24,24,24,24,24,31,31,43,43,43,43,49
7911,25,25,25,25,25,25,25,24,24,24,24,24,24,24,24,24,31,31,43,43,43,43,49
7911.5,33,33,26,26,26,26,26,26,26,26,26,26,26,26,26,26,47,20,20,49,49,49,49
7912,33,33,26,26,26,26,26,26,26,26,26,26,26,26,26,26,47,20,20,49,49,49,49
7912.5,33,33,26,26,26,26,26,26,26,26,26,26,26,26,26,26,47,20,20,49,49,49,49
7913,25,25,25,25,25,25,25,24,24,24,24,24,24,24,24,24,31,31,43,43,43,43,49
7913.5,25,25,25,25,25,25,25,24,24,24,24,24,24,24,24,24,31,31,43,43,43,43,49
7914,25,25,25,25,25,25,25,24,24,24,24,24,24,24,24,24,31,31,43,43,43,43,49
7914.5,25,25,25,25,25,25,25,24,24,24,24,24,24,24,24,24,31,31,43,43,43,43,49
7915,33,33,26,26,26,26,26,26,26,26,26,26,26,26,26,26,47,20,20,49,49,49,49
7915.5,25,25,25,25,25,25,25,24,24,24,24,24,24,24,24,24,31,31,43,43,43,43,49
7916,25,25,25,25,25,25,25,24,24,24,24,24,24,24,24,24,31,31,43,43,43,43,49
7916.5,25,25,25,25,25,25,25,24,24,24,24,24,24,24,24,24,31,31,43,43,43,43,49
7917,24,24,24,24,24,24,24,24,24,24,24,24,24,24,24,24,31,31,43,43,43,43,49
7917.5,24,24,24,24,24,24,24,24,24,24,24,24,24,24,24,24,31,31,43,43,43,43,49
7918,24,24,24,24,24,24,24,24,24,24,24,24,24,24,24,24,31,31,43,43,43,43,49
7918.5,25,25,25,25,25,25,25,24,24,24,24,24,24,24,24,24,31,31,43,43,43,43,49
7919,25,25,25,25,25,25,25,24,24,24,24,24,24,24,24,24,31,31,43,43,43,43,49
7919.5,25,25,25,25,25,25,25,24,24,24,24,24,24,24,24,24,31,31,43,43,43,43,49
7920,32,25,25,25,25,25,25,24,24,24,24,24,24,24,24,24,31,31,43,43,43,43,49
7920.5,32,25,25,25,25,25,25,24,24,24,24,24,24,24,24,24,31,31,43,43,43,43,49
7921,32,25,25,25,25,25,25,24,24,24,24,24,24,24,24,24,31,31,43,43,43,43,49
7921.5,32,25,25,25,25,25,25,24,24,24,24,24,24,24,24,24,31,31,43,43,43,43,49
7922,32,25,25,25,25,25,25,24,24,24,24,24,24,24,24,24,31,31,43,43,43,43,49
7922.5,32,25,25,25,25,25,25,24,24,24,24,24,24,24,24,24,31,31,43,43,43,43,49
7923,25,25,25,25,25,25,25,24,24,24,24,24,24,24,24,24,31,31,43,43,43,43,49
7923.5,32,25,25,25,25,25,25,24,24,24,24,24,24,24,24,24,31,31,43,43,43,43,49
7924,32,25,25,25,25,25,25,24,24,24,24,24,24,24,24,24,31,31,43,43,43,43,49
7924.5,23,23,23,23,23,23,23,23,23,23,23,23,23,23,23,24,31,31,43,43,43,43,49
7925,23,23,23,23,23,23,23,23,23,23,23,23,23,23,23,24,31,31,43,43,43,43,49
7925.5,23,23,23,23,23,23,23,23,23,23,23,23,23,23,23,24,31,31,43,43,43,43,49
7926,23,23,23,23,23,23,23,23,23,23,23,23,23,23,23,24,31,31,43,43,43,43,49
7926.5,23,23,23,23,23,23,23,23,23,23,23,23,23,23,23,24,31,31,43,43,43,43,49
7927,23,23,23,23,23,23,23,23,23,23,23,23,23,23,23,24,31,31,43,43,43,43,49
7927.5,23,23,23,23,23,23,23,23,23,23,23,23,23,23,23,24,31,31,43,43,43,43,49
7928,23,23,23,23,23,23,23,23,23,23,23,23,23,23,23,24,31,31,43,43,43,43,49
7928.5,23,23,23,23,23,23,23,23,23,23,23,23,23,23,23,24,31,31,43,43,43,43,49
7929,38,38,38,38,38,38,38,38,31,31,31,31,31,31,31,31,31,31,43,43,43,43,49
7929.5,23,23,23,23,23,23,23,23,23,23,23,23,23,23,23,24,31,31,43,43,43,43,49
7930,23,23,23,23,23,23,23,23,23,23,23,23,23,23,23,24,31,31,43,43,43,43,49
7930.5,23,23,23,23,23,23,23,23,23,23,23,23,23,23,23,24,31,31,43,43,43,43,49
7931,32,25,25,25,25,25,25,24,24,24,24,24,24,24,24,24,31,31,43,43,43,43,49
7931.5,32,25,25,25,25,25,25,24,24,24,24,24,24,24,24,24,31,31,43,43,43,43,49
7932,23,23,23,23,23,23,23,23,23,23,23,23,23,23,23,24,31,31,43,43,43,43,49
7932.5,23,23,23,23,23,23,23,23,23,23,23,23,23,23,23,24,31,31,43,43,43,43,49
7933,23,23,23,23,23,23,23,23,23,23,23,23,23,23,23,24,31,31,43,43,43,43,49
7933.5,23,23,23,23,23,23,23,23,23,23,23,23,23,23,23,24,31,31,43,43,43,43,49
7934,23,23,23,23,23,23,23,23,23,23,23,23,23,23,23,24,31,31,43,43,43,43,49
7934.5,23,23,23,23,23,23,23,23,23,23,23,23,23,23,23,24,31,31,43,43,43,43,49
7935,25,25,25,25,25,25,25,24,24,24,24,24,24,24,24,24,31,31,43,43,43,43,49
7935.5,25,25,25,25,25,25,25,24,24,24,24,24,24,24,24,24,31,31,43,43,43,43,49
7936,25,25,25,25,25,25,25,24,24,24,24,24,24,24,24,24,31,31,43,43,43,43,49
7936.5,32,25,25,25,25,25,25,24,24,24,24,24,24,24,24,24,31,31,43,43,43,43,49
7937,32,25,25,25,25,25,25,24,24,24,24,24,24,24,24,24,31,31,43,43,43,43,49
7937.5,23,23,23,23,23,23,23,23,23,23,23,23,23,23,23,24,31,31,43,43,43,43,49
7938,23,23,23,23,23,23,23,23,23,23,23,23,23,23,23,24,31,31,43,43,43,43,49
7938.5,32,25,25,25,25,25,25,24,24,24,24,24,24,24,24,24,31,31,43,43,43,43,49
7939,25,25,25,25,25,25,25,24,24,24,24,24,24,24,24,24,31,31,43,43,43,43,49
7939.5,25,25,25,25,25,25,25,24,24,24,24,24,24,24,24,24,31,31,43,43,43,43,49
7940,25,25,25,25,25,25,25,24,24,24,24,24,24,24,24,24,31,31,43,43,43,43,49
7940.5,32,25,25,25,25,25,25,24,24,24,24,24,24,24,24,24,31,31,43,43,43,43,49
7941,38,38,38,38,38,38,38,38,31,31,31,31,31,31,31,31,31,31,43,43,43,43,49
7941.5,38,38,38,38,38,38,38,38,31,31,31,31,31,31,31,31,31,31,43,43,43,43,49
7942,38,38,38,38,38,38,38,38,31,31,31,31,31,31,31,31,31,31,43,43,43,43,49
7942.5,37,37,37,37,37,37,37,37,37,37,37,37,36,36,44,44,43,43,43,43,43,43,49
7943,36,36,36,36,36,36,36,36,36,36,36,36,36,36,44,44,43,43,43,43,43,43,49
7943.5,36,36,36,36,36,36,36,36,36,36,36,36,36,36,44,44,43,43,43,43,43,43,49
7944,44,44,44,44,44,44,44,44,44,44,44,44,44,44,44,44,43,43,43,43,43,43,49
7944.5,44,44,44,44,44,44,44,44,44,44,44,44,44,44,44,44,43,43,43,43,43,43,49
7945,45,45,45,45,45,45,45,45,45,44,44,44,44,44,44,44,43,43,43,43,43,43,49
7945.5,44,44,44,44,44,44,44,44,44,44,44,44,44,44,44,44,43,43,43,43,43,43,49
7946,44,44,44,44,44,44,44,44,44,44,44,44,44,44,44,44,43,43,43,43,43,43,49
7946.5,44,44,44,44,44,44,44,44,44,44,44,44,44,44,44,44,43,43,43,43,43,43,49
7947,44,44,44,44,44,44,44,44,44,44,44,44,44,44,44,44,43,43,43,43,43,43,49
7947.5,44,44,44,44,44,44,44,44,44,44,44,44,44,44,44,44,43,43,43,43,43,43,49
7948,36,36,36,36,36,36,36,36,36,36,36,36,36,36,44,44,43,43,43,43,43,43,49
7948.5,36,36,36,36,36,36,36,36,36,36,36,36,36,36,44,44,43,43,43,43,43,43,49
7949,36,36,36,36,36,36,36,36,36,36,36,36,36,36,44,44,43,43,43,43,43,43,49
7949.5,37,37,37,37,37,37,37,37,37,37,37,37,36,36,44,44,43,43,43,43,43,43,49
7950,37,37,37,37,37,37,37,37,37,37,37,37,36,36,44,44,43,43,43,43,43,43,49
7950.5,38,38,38,38,38,38,38,38,31,31,31,31,31,31,31,31,31,31,43,43,43,43,49
7951,38,38,38,38,38,38,38,38,31,31,31,31,31,31,31,31,31,31,43,43,43,43,49
7951.5,38,38,38,38,38,38,38,38,31,31,31,31,31,31,31,31,31,31,43,43,43,43,49
7952,38,38,38,38,38,38,38,38,31,31,31,31,31,31,31,31,31,31,43,43,43,43,49
7952.5,38,38,38,38,38,38,38,38,31,31,31,31,31,31,31,31,31,31,43,43,43,43,49
7953,38,38,38,38,38,38,38,38,31,31,31,31,31,31,31,31,31,31,43,43,43,43,49
7953.5,38,38,38,38,38,38,38,38,31,31,31,31,31,31,31,31,31,31,43,43,43,43,49
7954,38,38,38,38,38,38,38,38,31,31,31,31,31,31,31,31,31,31,43,43,43,43,49
7954.5,38,38,38,38,38,38,38,38,31,31,31,31,31,31,31,31,31,31,43,43,43,43,49
7955,38,38,38,38,38,38,38,38,31,31,31,31,31,31,31,31,31,31,43,43,43,43,49
7955.5,31,31,31,31,31,31,31,31,31,31,31,31,31,31,31,31,31,31,43,43,43,43,49
7956,31,31,31,31,31,31,31,31,31,31,31,31,31,31,31,31,31,31,43,43,43,43,49
7956.5,31,31,31,31,31,31,31,31,31,31,31,31,31,31,31,31,31,31,43,43,43,43,49
7957,38,38,38,38,38,38,38,38,31,31,31,31,31,31,31,31,31,31,43,43,43,43,49
7957.5,38,38,38,38,38,38,38,38,31,31,31,31,31,31,31,31,31,31,43,43,43,43,49
7958,38,38,38,38,38,38,38,38,31,31,31,31,31,31,31,31,31,31,43,43,43,43,49
7958.5,38,38,38,38,38,38,38,38,31,31,31,31,31,31,31,31,31,31,43,43,43,43,49
7959,38,38,38,38,38,38,38,38,31,31,31,31,31,31,31,31,31,31,43,43,43,43,49
7959.5,38,38,38,38,38,38,38,38,31,31,31,31,31,31,31,31,31,31,43,43,43,43,49
7960,38,38,38,38,38,38,38,38,31,31,31,31,31,31,31,31,31,31,43,43,43,43,49
7960.5,46,46,46,46,46,38,38,38,31,31,31,31,31,31,31,31,31,31,43,43,43,43,49
7961,46,46,46,46,46,38,38,38,31,31,31,31,31,31,31,31,31,31,43,43,43,43,49
7961.5,46,46,46,46,46,38,38,38,31,31,31,31,31,31,31,31,31,31,43,43,43,43,49
7962,45,45,45,45,45,45,45,45,45,44,44,44,44,44,44,44,43,43,43,43,43,43,49
7962.5,45,45,45,45,45,45,45,45,45,44,44,44,44,44,44,44,43,43,43,43,43,43,49
7963,45,45,45,45,45,45,45,45,45,44,44,44,44,44,44,44,43,43,43,43,43,43,49
7963.5,45,45,45,45,45,45,45,45,45,44,44,44,44,44,44,44,43,43,43,43,43,43,49
7964,45,45,45,45,45,45,45,45,45,44,44,44,44,44,44,44,43,43,43,43,43,43,49
7964.5,45,45,45,45,45,45,45,45,45,44,44,44,44,44,44,44,43,43,43,43,43,43,49
7965,46,46,46,46,46,38,38,38,31,31,31,31,31,31,31,31,31,31,43,43,43,43,49
7965.5,31,31,31,31,31,31,31,31,31,31,31,31,31,31,31,31,31,31,43,43,43,43,49
7966,31,31,31,31,31,31,31,31,31,31,31,31,31,31,31,31,31,31,43,43,43,43,49
7966.5,31,31,31,31,31,31,31,31,31,31,31,31,31,31,31,31,31,31,43,43,43,43,49
7967,46,46,46,46,46,38,38,38,31,31,31,31,31,31,31,31,31,31,43,43,43,43,49
7967.5,46,46,46,46,46,38,38,38,31,31,31,31,31,31,31,31,31,31,43,43,43,43,49
7968,38,38,38,38,38,38,38,38,31,31,31,31,31,31,31,31,31,31,43,43,43,43,49
7968.5,38,38,38,38,38,38,38,38,31,31,31,31,31,31,31,31,31,31,43,43,43,43,49
7969,38,38,38,38,38,38,38,38,31,31,31,31,31,31,31,31,31,31,43,43,43,43,49
7969.5,38,38,38,38,38,38,38,38,31,31,31,31,31,31,31,31,31,31,43,43,43,43,49
7970,46,46,46,46,46,38,38,38,31,31,31,31,31,31,31,31,31,31,43,43,43,43,49
7970.5,46,46,46,46,46,38,38,38,31,31,31,31,31,31,31,31,31,31,43,43,43,43,49
7971,45,45,45,45,45,45,45,45,45,44,44,44,44,44,44,44,43,43,43,43,43,43,49
7971.5,45,45,45,45,45,45,45,45,45,44,44,44,44,44,44,44,43,43,43,43,43,43,49
7972,44,44,44,44,44,44,44,44,44,44,44,44,44,44,44,44,43,43,43,43,43,43,49
7972.5,44,44,44,44,44,44,44,44,44,44,44,44,44,44,44,44,43,43,43,43,43,43,49
7973,44,44,44,44,44,44,44,44,44,44,44,44,44,44,44,44,43,43,43,43,43,43,49
7973.5,44,44,44,44,44,44,44,44,44,44,44,44,44,44,44,44,43,43,43,43,43,43,49
7974,44,44,44,44,44,44,44,44,44,44,44,44,44,44,44,44,43,43,43,43,43,43,49
7974.5,44,44,44,44,44,44,44,44,44,44,44,44,44,44,44,44,43,43,43,43,43,43,49
7975,44,44,44,44,44,44,44,44,44,44,44,44,44,44,44,44,43,43,43,43,43,43,49
7975.5,44,44,44,44,44,44,44,44,44,44,44,44,44,44,44,44,43,43,43,43,43,43,49
7976,44,44,44,44,44,44,44,44,44,44,44,44,44,44,44,44,43,43,43,43,43,43,49
7976.5,44,44,44,44,44,44,44,44,44,44,44,44,44,44,44,44,43,43,43,43,43,43,49
7977,44,44,44,44,44,44,44,44,44,44,44,44,44,44,44,44,43,43,43,43,43,43,49
7977.5,44,44,44,44,44,44,44,44,44,44,44,44,44,44,44,44,43,43,43,43,43,43,49
7978,45,45,45,45,45,45,45,45,45,44,44,44,44,44,44,44,43,43,43,43,43,43,49
7978.5,45,45,45,45,45,45,45,45,45,44,44,44,44,44,44,44,43,43,43,43,43,43,49
7979,45,45,45,45,45,45,45,45,45,44,44,44,44,44,44,44,43,43,43,43,43,43,49
7979.5,45,45,45,45,45,45,45,45,45,44,44,44,44,44,44,44,43,43,43,43,43,43,49
7980,45,45,45,45,45,45,45,45,45,44,44,44,44,44,44,44,43,43,43,43,43,43,49
7980.5,45,45,45,45,45,45,45,45,45,44,44,44,44,44,44,44,43,43,43,43,43,43,49
7981,45,45,45,45,45,45,45,45,45,44,44,44,44,44,44,44,43,43,43,43,43,43,49
7981.5,45,45,45,45,45,45,45,45,45,44,44,44,44,44,44,44,43,43,43,43,43,43,49
7982,45,45,45,45,45,45,45,45,45,44,44,44,44,44,44,44,43,43,43,43,43,43,49
7982.5,45,45,45,45,45,45,45,45,45,44,44,44,44,44,44,44,43,43,43,43,43,43,49
7983,45,45,45,45,45,45,45,45,45,44,44,44,44,44,44,44,43,43,43,43,43,43,49
7983.5,45,45,45,45,45,45,45,45,45,44,44,44,44,44,44,44,43,43,43,43,43,43,49
7984,45,45,45,45,45,45,45,45,45,44,44,44,44,44,44,44,43,43,43,43,43,43,49
7984.5,45,45,45,45,45,45,45,45,45,44,44,44,44,44,44,44,43,43,43,43,43,43,49
7985,45,45,45,45,45,45,45,45,45,44,44,44,44,44,44,44,43,43,43,43,43,43,49
7985.5,45,45,45,45,45,45,45,45,45,44,44,44,44,44,44,44,43,43,43,43,43,43,49
7986,38,38,38,38,38,38,38,38,31,31,31,31,31,31,31,31,31,31,43,43,43,43,49
7986.5,45,45,45,45,45,45,45,45,45,44,44,44,44,44,44,44,43,43,43,43,43,43,49
7987,45,45,45,45,45,45,45,45,45,44,44,44,44,44,44,44,43,43,43,43,43,43,49
7987.5,45,45,45,45,45,45,45,45,45,44,44,44,44,44,44,44,43,43,43,43,43,43,49
7988,46,46,46,46,46,38,38,38,31,31,31,31,31,31,31,31,31,31,43,43,43,43,49
7988.5,31,31,31,31,31,31,31,31,31,31,31,31,31,31,31,31,31,31,43,43,43,43,49
7989,39,39,39,39,39,39,39,39,39,39,39,26,26,26,26,26,47,20,20,49,49,49,49
7989.5,40,40,40,40,39,39,39,39,39,39,39,26,26,26,26,26,47,20,20,49,49,49,49
7990,40,40,40,40,39,39,39,39,39,39,39,26,26,26,26,26,47,20,20,49,49,49,49
7990.5,40,40,40,40,39,39,39,39,39,39,39,26,26,26,26,26,47,20,20,49,49,49,49
7991,39,39,39,39,39,39,39,39,39,39,39,26,26,26,26,26,47,20,20,49,49,49,49
7991.5,31,31,31,31,31,31,31,31,31,31,31,31,31,31,31,31,31,31,43,43,43,43,49
7992,31,31,31,31,31,31,31,31,31,31,31,31,31,31,31,31,31,31,43,43,43,43,49
7992.5,31,31,31,31,31,31,31,31,31,31,31,31,31,31,31,31,31,31,43,43,43,43,49
7993,32,25,25,25,25,25,25,24,24,24,24,24,24,24,24,24,31,31,43,43,43,43,49
7993.5,38,38,38,38,38,38,38,38,31,31,31,31,31,31,31,31,31,31,43,43,43,43,49
7994,38,38,38,38,38,38,38,38,31,31,31,31,31,31,31,31,31,31,43,43,43,43,49
7994.5,38,38,38,38,38,38,38,38,31,31,31,31,31,31,31,31,31,31,43,43,43,43,49
7995,38,38,38,38,38,38,38,38,31,31,31,31,31,31,31,31,31,31,43,43,43,43,49
7995.5,38,38,38,38,38,38,38,38,31,31,31,31,31,31,31,31,31,31,43,43,43,43,49
7996,38,38,38,38,38,38,38,38,31,31,31,31,31,31,31,31,31,31,43,43,43,43,49
7996.5,38,38,38,38,38,38,38,38,31,31,31,31,31,31,31,31,31,31,43,43,43,43,49
7997,38,38,38,38,38,38,38,38,31,31,31,31,31,31,31,31,31,31,43,43,43,43,49
7997.5,38,38,38,38,38,38,38,38,31,31,31,31,31,31,31,31,31,31,43,43,43,43,49
7998,38,38,38,38,38,38,38,38,31,31,31,31,31,31,31,31,31,31,43,43,43,43,49
7998.5,38,38,38,38,38,38,38,38,31,31,31,31,31,31,31,31,31,31,43,43,43,43,49
7999,38,38,38,38,38,38,38,38,31,31,31,31,31,31,31,31,31,31,43,43,43,43,49
7999.5,38,38,38,38,38,38,38,38,31,31,31,31,31,31,31,31,31,31,43,43,43,43,49
8000,32,25,25,25,25,25,25,24,24,24,24,24,24,24,24,24,31,31,43,43,43,43,49
8000.5,32,25,25,25,25,25,25,24,24,24,24,24,24,24,24,24,31,31,43,43,43,43,49
8001,32,25,25,25,25,25,25,24,24,24,24,24,24,24,24,24,31,31,43,43,43,43,49
8001.5,32,25,25,25,25,25,25,24,24,24,24,24,24,24,24,24,31,31,43,43,43,43,49
8002,32,25,25,25,25,25,25,24,24,24,24,24,24,24,24,24,31,31,43,43,43,43,49
8002.5,32,25,25,25,25,25,25,24,24,24,24,24,24,24,24,24,31,31,43,43,43,43,49
8003,32,25,25,25,25,25,25,24,24,24,24,24,24,24,24,24,31,31,43,43,43,43,49
8003.5,25,25,25,25,25,25,25,24,24,24,24,24,24,24,24,24,31,31,43,43,43,43,49
8004,25,25,25,25,25,25,25,24,24,24,24,24,24,24,24,24,31,31,43,43,43,43,49
8004.5,25,25,25,25,25,25,25,24,24,24,24,24,24,24,24,24,31,31,43,43,43,43,49
8005,25,25,25,25,25,25,25,24,24,24,24,24,24,24,24,24,31,31,43,43,43,43,49
8005.5,25,25,25,25,25,25,25,24,24,24,24,24,24,24,24,24,31,31,43,43,43,43,49
8006,25,25,25,25,25,25,25,24,24,24,24,24,24,24,24,24,31,31,43,43,43,43,49
8006.5,32,25,25,25,25,25,25,24,24,24,24,24,24,24,24,24,31,31,43,43,43,43,49
8007,25,25,25,25,25,25,25,24,24,24,24,24,24,24,24,24,31,31,43,43,43,43,49
8007.5,25,25,25,25,25,25,25,24,24,24,24,24,24,24,24,24,31,31,43,43,43,43,49
8008,33,33,26,26,26,26,26,26,26,26,26,26,26,26,26,26,47,20,20,49,49,49,49
8008.5,33,33,26,26,26,26,26,26,26,26,26,26,26,26,26,26,47,20,20,49,49,49,49
8009,33,33,26,26,26,26,26,26,26,26,26,26,26,26,26,26,47,20,20,49,49,49,49
8009.5,33,33,26,26,26,26,26,26,26,26,26,26,26,26,26,26,47,20,20,49,49,49,49
8010,33,33,26,26,26,26,26,26,26,26,26,26,26,26,26,26,47,20,20,49,49,49,49
8010.5,33,33,26,26,26,26,26,26,26,26,26,26,26,26,26,26,47,20,20,49,49,49,49
8011,25,25,25,25,25,25,25,24,24,24,24,24,24,24,24,24,31,31,43,43,43,43,49
8011.5,39,39,39,39,39,39,39,39,39,39,39,26,26,26,26,26,47,20,20,49,49,49,49
8012,25,25,25,25,25,25,25,24,24,24,24,24,24,24,24,24,31,31,43,43,43,43,49
8012.5,25,25,25,25,25,25,25,24,24,24,24,24,24,24,24,24,31,31,43,43,43,43,49
8013,25,25,25,25,25,25,25,24,24,24,24,24,24,24,24,24,31,31,43,43,43,43,49
8013.5,32,25,25,25,25,25,25,24,24,24,24,24,24,24,24,24,31,31,43,43,43,43,49
8014,32,25,25,25,25,25,25,24,24,24,24,24,24,24,24,24,31,31,43,43,43,43,49
8014.5,38,38,38,38,38,38,38,38,31,31,31,31,31,31,31,31,31,31,43,43,43,43,49
8015,38,38,38,38,38,38,38,38,31,31,31,31,31,31,31,31,31,31,43,43,43,43,49
8015.5,46,46,46,46,46,38,38,38,31,31,31,31,31,31,31,31,31,31,43,43,43,43,49
8016,46,46,46,46,46,38,38,38,31,31,31,31,31,31,31,31,31,31,43,43,43,43,49
8016.5,46,46,46,46,46,38,38,38,31,31,31,31,31,31,31,31,31,31,43,43,43,43,49
8017,46,46,46,46,46,38,38,38,31,31,31,31,31,31,31,31,31,31,43,43,43,43,49
8017.5,45,45,45,45,45,45,45,45,45,44,44,44,44,44,44,44,43,43,43,43,43,43,49
8018,45,45,45,45,45,45,45,45,45,44,44,44,44,44,44,44,43,43,43,43,43,43,49
8018.5,46,46,46,46,46,38,38,38,31,31,31,31,31,31,31,31,31,31,43,43,43,43,49
8019,34,34,34,34,34,34,34,34,34,34,34,34,34,20,20,20,20,20,20,49,49,49,49
8019.5,42,42,42,27,27,27,27,27,27,27,27,27,27,27,27,27,35,35,35,35,49,49,49
8020,42,42,42,27,27,27,27,27,27,27,27,27,27,27,27,27,35,35,35,35,49,49,49
8020.5,42,42,42,27,27,27,27,27,27,27,27,27,27,27,27,27,35,35,35,35,49,49,49
8021,27,27,27,27,27,27,27,27,27,27,27,27,27,27,27,27,35,35,35,35,49,49,49
8021.5,41,41,41,41,41,41,34,34,34,34,34,34,34,20,20,20,20,20,20,49,49,49,49
8022,34,34,34,34,34,34,34,34,34,34,34,34,34,20,20,20,20,20,20,49,49,49,49
8022.5,20,20,20,20,20,20,20,20,20,20,20,20,20,20,20,20,20,20,20,49,49,49,49
8023,20,20,20,20,20,20,20,20,20,20,20,20,20,20,20,20,20,20,20,49,49,49,49
8023.5,20,20,20,20,20,20,20,20,20,20,20,20,20,20,20,20,20,20,20,49,49,49,49
8024,33,33,26,26,26,26,26,26,26,26,26,26,26,26,26,26,47,20,20,49,49,49,49
8024.5,24,24,24,24,24,24,24,24,24,24,24,24,24,24,24,24,31,31,43,43,43,43,49
8025,24,24,24,24,24,24,24,24,24,24,24,24,24,24,24,24,31,31,43,43,43,43,49
8025.5,24,24,24,24,24,24,24,24,24,24,24,24,24,24,24,24,31,31,43,43,43,43,49
8026,24,24,24,24,24,24,24,24,24,24,24,24,24,24,24,24,31,31,43,43,43,43,49
8026.5,25,25,25,25,25,25,25,24,24,24,24,24,24,24,24,24,31,31,43,43,43,43,49
8027,32,25,25,25,25,25,25,24,24,24,24,24,24,24,24,24,31,31,43,43,43,43,49
8027.5,38,38,38,38,38,38,38,38,31,31,31,31,31,31,31,31,31,31,43,43,43,43,49
8028,38,38,38,38,38,38,38,38,31,31,31,31,31,31,31,31,31,31,43,43,43,43,49
8028.5,23,23,23,23,23,23,23,23,23,23,23,23,23,23,23,24,31,31,43,43,43,43,49
8029,23,23,23,23,23,23,23,23,23,23,23,23,23,23,23,24,31,31,43,43,43,43,49
8029.5,23,23,23,23,23,23,23,23,23,23,23,23,23,23,23,24,31,31,43,43,43,43,49
8030,23,23,23,23,23,23,23,23,23,23,23,23,23,23,23,24,31,31,43,43,43,43,49
8030.5,32,25,25,25,25,25,25,24,24,24,24,24,24,24,24,24,31,31,43,43,43,43,49
8031,31,31,31,31,31,31,31,31,31,31,31,31,31,31,31,31,31,31,43,43,43,43,49
8031.5,39,39,39,39,39,39,39,39,39,39,39,26,26,26,26,26,47,20,20,49,49,49,49
8032,34,34,34,34,34,34,34,34,34,34,34,34,34,20,20,20,20,20,20,49,49,49,49
8032.5,42,42,42,27,27,27,27,27,27,27,27,27,27,27,27,27,35,35,35,35,49,49,49
8033,42,42,42,27,27,27,27,27,27,27,27,27,27,27,27,27,35,35,35,35,49,49,49
8033.5,42,42,42,27,27,27,27,27,27,27,27,27,27,27,27,27,35,35,35,35,49,49,49
8034,34,34,34,34,34,34,34,34,34,34,34,34,34,20,20,20,20,20,20,49,49,49,49
8034.5,40,40,40,40,39,39,39,39,39,39,39,26,26,26,26,26,47,20,20,49,49,49,49
8035,39,39,39,39,39,39,39,39,39,39,39,26,26,26,26,26,47,20,20,49,49,49,49
8035.5,39,39,39,39,39,39,39,39,39,39,39,26,26,26,26,26,47,20,20,49,49,49,49
8036,39,39,39,39,39,39,39,39,39,39,39,26,26,26,26,26,47,20,20,49,49,49,49
8036.5,40,40,40,40,39,39,39,39,39,39,39,26,26,26,26,26,47,20,20,49,49,49,49
8037,40,40,40,40,39,39,39,39,39,39,39,26,26,26,26,26,47,20,20,49,49,49,49
8037.5,40,40,40,40,39,39,39,39,39,39,39,26,26,26,26,26,47,20,20,49,49,49,49
8038,39,39,39,39,39,39,39,39,39,39,39,26,26,26,26,26,47,20,20,49,49,49,49
8038.5,31,31,31,31,31,31,31,31,31,31,31,31,31,31,31,31,31,31,43,43,43,43,49
8039,46,46,46,46,46,38,38,38,31,31,31,31,31,31,31,31,31,31,43,43,43,43,49
8039.5,38,38,38,38,38,38,38,38,31,31,31,31,31,31,31,31,31,31,43,43,43,43,49
8040,38,38,38,38,38,38,38,38,31,31,31,31,31,31,31,31,31,31,43,43,43,43,49
8040.5,31,31,31,31,31,31,31,31,31,31,31,31,31,31,31,31,31,31,43,43,43,43,49
8041,31,31,31,31,31,31,31,31,31,31,31,31,31,31,31,31,31,31,43,43,43,43,49
8041.5,31,31,31,31,31,31,31,31,31,31,31,31,31,31,31,31,31,31,43,43,43,43,49
8042,31,31,31,31,31,31,31,31,31,31,31,31,31,31,31,31,31,31,43,43,43,43,49
8042.5,32,25,25,25,25,25,25,24,24,24,24,24,24,24,24,24,31,31,43,43,43,43,49
8043,38,38,38,38,38,38,38,38,31,31,31,31,31,31,31,31,31,31,43,43,43,43,49
8043.5,38,38,38,38,38,38,38,38,31,31,31,31,31,31,31,31,31,31,43,43,43,43,49
8044,31,31,31,31,31,31,31,31,31,31,31,31,31,31,31,31,31,31,43,43,43,43,49
8044.5,31,31,31,31,31,31,31,31,31,31,31,31,31,31,31,31,31,31,43,43,43,43,49
8045,31,31,31,31,31,31,31,31,31,31,31,31,31,31,31,31,31,31,43,43,43,43,49
8045.5,40,40,40,40,39,39,39,39,39,39,39,26,26,26,26,26,47,20,20,49,49,49,49
8046,34,34,34,34,34,34,34,34,34,34,34,34,34,20,20,20,20,20,20,49,49,49,49
8046.5,42,42,42,27,27,27,27,27,27,27,27,27,27,27,27,27,35,35,35,35,49,49,49
8047,42,42,42,27,27,27,27,27,27,27,27,27,27,27,27,27,35,35,35,35,49,49,49
8047.5,42,42,42,27,27,27,27,27,27,27,27,27,27,27,27,27,35,35,35,35,49,49,49
8048,41,41,41,41,41,41,34,34,34,34,34,34,34,20,20,20,20,20,20,49,49,49,49
8048.5,20,20,20,20,20,20,20,20,20,20,20,20,20,20,20,20,20,20,20,49,49,49,49
8049,19,19,19,19,19,19,19,19,19,19,18,18,18,18,18,18,18,18,49,49,49,49,49
8049.5,18,18,18,18,18,18,18,18,18,18,18,18,18,18,18,18,18,18,49,49,49,49,49
8050,18,18,18,18,18,18,18,18,18,18,18,18,18,18,18,18,18,18,49,49,49,49,49
8050.5,24,24,24,24,24,24,24,24,24,24,24,24,24,24,24,24,31,31,43,43,43,43,49
8051,24,24,24,24,24,24,24,24,24,24,24,24,24,24,24,24,31,31,43,43,43,43,49
8051.5,25,25,25,25,25,25,25,24,24,24,24,24,24,24,24,24,31,31,43,43,43,43,49
8052,25,25,25,25,25,25,25,24,24,24,24,24,24,24,24,24,31,31,43,43,43,43,49
8052.5,25,25,25,25,25,25,25,24,24,24,24,24,24,24,24,24,31,31,43,43,43,43,49
8053,32,25,25,25,25,25,25,24,24,24,24,24,24,24,24,24,31,31,43,43,43,43,49
8053.5,23,23,23,23,23,23,23,23,23,23,23,23,23,23,23,24,31,31,43,43,43,43,49
8054,23,23,23,23,23,23,23,23,23,23,23,23,23,23,23,24,31,31,43,43,43,43,49
8054.5,23,23,23,23,23,23,23,23,23,23,23,23,23,23,23,24,31,31,43,43,43,43,49
8055,23,23,23,23,23,23,23,23,23,23,23,23,23,23,23,24,31,31,43,43,43,43,49
8055.5,23,23,23,23,23,23,23,23,23,23,23,23,23,23,23,24,31,31,43,43,43,43,49
8056,23,23,23,23,23,23,23,23,23,23,23,23,23,23,23,24,31,31,43,43,43,43,49
8056.5,24,24,24,24,24,24,24,24,24,24,24,24,24,24,24,24,31,31,43,43,43,43,49
8057,33,33,26,26,26,26,26,26,26,26,26,26,26,26,26,26,47,20,20,49,49,49,49
8057.5,33,33,26,26,26,26,26,26,26,26,26,26,26,26,26,26,47,20,20,49,49,49,49
8058,26,26,26,26,26,26,26,26,26,26,26,26,26,26,26,26,47,20,20,49,49,49,49
8058.5,33,33,26,26,26,26,26,26,26,26,26,26,26,26,26,26,47,20,20,49,49,49,49
8059,33,33,26,26,26,26,26,26,26,26,26,26,26,26,26,26,47,20,20,49,49,49,49
8059.5,33,33,26,26,26,26,26,26,26,26,26,26,26,26,26,26,47,20,20,49,49,49,49
8060,33,33,26,26,26,26,26,26,26,26,26,26,26,26,26,26,47,20,20,49,49,49,49
8060.5,33,33,26,26,26,26,26,26,26,26,26,26,26,26,26,26,47,20,20,49,49,49,49
8061,33,33,26,26,26,26,26,26,26,26,26,26,26,26,26,26,47,20,20,49,49,49,49
8061.5,33,33,26,26,26,26,26,26,26,26,26,26,26,26,26,26,47,20,20,49,49,49,49
8062,33,33,26,26,26,26,26,26,26,26,26,26,26,26,26,26,47,20,20,49,49,49,49
8062.5,33,33,26,26,26,26,26,26,26,26,26,26,26,26,26,26,47,20,20,49,49,49,49
8063,33,33,26,26,26,26,26,26,26,26,26,26,26,26,26,26,47,20,20,49,49,49,49
8063.5,26,26,26,26,26,26,26,26,26,26,26,26,26,26,26,26,47,20,20,49,49,49,49
8064,26,26,26,26,26,26,26,26,26,26,26,26,26,26,26,26,47,20,20,49,49,49,49
8064.5,26,26,26,26,26,26,26,26,26,26,26,26,26,26,26,26,47,20,20,49,49,49,49
8065,26,26,26,26,26,26,26,26,26,26,26,26,26,26,26,26,47,20,20,49,49,49,49
8065.5,26,26,26,26,26,26,26,26,26,26,26,26,26,26,26,26,47,20,20,49,49,49,49
8066,26,26,26,26,26,26,26,26,26,26,26,26,26,26,26,26,47,20,20,49,49,49,49
8066.5,26,26,26,26,26,26,26,26,26,26,26,26,26,26,26,26,47,20,20,49,49,49,49
8067,26,26,26,26,26,26,26,26,26,26,26,26,26,26,26,26,47,20,20,49,49,49,49
8067.5,33,33,26,26,26,26,26,26,26,26,26,26,26,26,26,26,47,20,20,49,49,49,49
8068,33,33,26,26,26,26,26,26,26,26,26,26,26,26,26,26,47,20,20,49,49,49,49
8068.5,33,33,26,26,26,26,26,26,26,26,26,26,26,26,26,26,47,20,20,49,49,49,49
8069,25,25,25,25,25,25,25,24,24,24,24,24,24,24,24,24,31,31,43,43,43,43,49
8069.5,32,25,25,25,25,25,25,24,24,24,24,24,24,24,24,24,31,31,43,43,43,43,49
8070,31,31,31,31,31,31,31,31,31,31,31,31,31,31,31,31,31,31,43,43,43,43,49
8070.5,31,31,31,31,31,31,31,31,31,31,31,31,31,31,31,31,31,31,43,43,43,43,49
8071,39,39,39,39,39,39,39,39,39,39,39,26,26,26,26,26,47,20,20,49,49,49,49
8071.5,39,39,39,39,39,39,39,39,39,39,39,26,26,26,26,26,47,20,20,49,49,49,49
8072,33,33,26,26,26,26,26,26,26,26,26,26,26,26,26,26,47,20,20,49,49,49,49
8072.5,26,26,26,26,26,26,26,26,26,26,26,26,26,26,26,26,47,20,20,49,49,49,49
8073,19,19,19,19,19,19,19,19,19,19,18,18,18,18,18,18,18,18,49,49,49,49,49
8073.5,19,19,19,19,19,19,19,19,19,19,18,18,18,18,18,18,18,18,49,49,49,49,49
8074,19,19,19,19,19,19,19,19,19,19,18,18,18,18,18,18,18,18,49,49,49,49,49
8074.5,19,19,19,19,19,19,19,19,19,19,18,18,18,18,18,18,18,18,49,49,49,49,49
8075,19,19,19,19,19,19,19,19,19,19,18,18,18,18,18,18,18,18,49,49,49,49,49
8075.5,19,19,19,19,19,19,19,19,19,19,18,18,18,18,18,18,18,18,49,49,49,49,49
8076,19,19,19,19,19,19,19,19,19,19,18,18,18,18,18,18,18,18,49,49,49,49,49
8076.5,19,19,19,19,19,19,19,19,19,19,18,18,18,18,18,18,18,18,49,49,49,49,49
8077,19,19,19,19,19,19,19,19,19,19,18,18,18,18,18,18,18,18,49,49,49,49,49
8077.5,20,20,20,20,20,20,20,20,20,20,20,20,20,20,20,20,20,20,20,49,49,49,49
8078,20,20,20,20,20,20,20,20,20,20,20,20,20,20,20,20,20,20,20,49,49,49,49
8078.5,41,41,41,41,41,41,34,34,34,34,34,34,34,20,20,20,20,20,20,49,49,49,49
8079,41,41,41,41,41,41,34,34,34,34,34,34,34,20,20,20,20,20,20,49,49,49,49
8079.5,41,41,41,41,41,41,34,34,34,34,34,34,34,20,20,20,20,20,20,49,49,49,49
8080,41,41,41,41,41,41,34,34,34,34,34,34,34,20,20,20,20,20,20,49,49,49,49
8080.5,27,27,27,27,27,27,27,27,27,27,27,27,27,27,27,27,35,35,35,35,49,49,49
8081,27,27,27,27,27,27,27,27,27,27,27,27,27,27,27,27,35,35,35,35,49,49,49
8081.5,27,27,27,27,27,27,27,27,27,27,27,27,27,27,27,27,35,35,35,35,49,49,49
8082,27,27,27,27,27,27,27,27,27,27,27,27,27,27,27,27,35,35,35,35,49,49,49
8082.5,27,27,27,27,27,27,27,27,27,27,27,27,27,27,27,27,35,35,35,35,49,49,49
8083,27,27,27,27,27,27,27,27,27,27,27,27,27,27,27,27,35,35,35,35,49,49,49
8083.5,27,27,27,27,27,27,27,27,27,27,27,27,27,27,27,27,35,35,35,35,49,49,49
8084,27,27,27,27,27,27,27,27,27,27,27,27,27,27,27,27,35,35,35,35,49,49,49
8084.5,27,27,27,27,27,27,27,27,27,27,27,27,27,27,27,27,35,35,35,35,49,49,49
8085,27,27,27,27,27,27,27,27,27,27,27,27,27,27,27,27,35,35,35,35,49,49,49
8085.5,27,27,27,27,27,27,27,27,27,27,27,27,27,27,27,27,35,35,35,35,49,49,49
8086,42,42,42,27,27,27,27,27,27,27,27,27,27,27,27,27,35,35,35,35,49,49,49
8086.5,42,42,42,27,27,27,27,27,27,27,27,27,27,27,27,27,35,35,35,35,49,49,49
8087,42,42,42,27,27,27,27,27,27,27,27,27,27,27,27,27,35,35,35,35,49,49,49
8087.5,42,42,42,27,27,27,27,27,27,27,27,27,27,27,27,27,35,35,35,35,49,49,49
8088,42,42,42,27,27,27,27,27,27,27,27,27,27,27,27,27,35,35,35,35,49,49,49
8088.5,42,42,42,27,27,27,27,27,27,27,27,27,27,27,27,27,35,35,35,35,49,49,49
8089,42,42,42,27,27,27,27,27,27,27,27,27,27,27,27,27,35,35,35,35,49,49,49
8089.5,42,42,42,27,27,27,27,27,27,27,27,27,27,27,27,27,35,35,35,35,49,49,49
8090,42,42,42,27,27,27,27,27,27,27,27,27,27,27,27,27,35,35,35,35,49,49,49
8090.5,42,42,42,27,27,27,27,27,27,27,27,27,27,27,27,27,35,35,35,35,49,49,49
8091,42,42,42,27,27,27,27,27,27,27,27,27,27,27,27,27,35,35,35,35,49,49,49
8091.5,42,42,42,27,27,27,27,27,27,27,27,27,27,27,27,27,35,35,35,35,49,49,49
8092,42,42,42,27,27,27,27,27,27,27,27,27,27,27,27,27,35,35,35,35,49,49,49
8092.5,42,42,42,27,27,27,27,27,27,27,27,27,27,27,27,27,35,35,35,35,49,49,49
8093,42,42,42,27,27,27,27,27,27,27,27,27,27,27,27,27,35,35,35,35,49,49,49
8093.5,42,42,42,27,27,27,27,27,27,27,27,27,27,27,27,27,35,35,35,35,49,49,49
8094,42,42,42,27,27,27,27,27,27,27,27,27,27,27,27,27,35,35,35,35,49,49,49
8094.5,42,42,42,27,27,27,27,27,27,27,27,27,27,27,27,27,35,35,35,35,49,49,49
8095,42,42,42,27,27,27,27,27,27,27,27,27,27,27,27,27,35,35,35,35,49,49,49
8095.5,27,27,27,27,27,27,27,27,27,27,27,27,27,27,27,27,35,35,35,35,49,49,49
8096,27,27,27,27,27,27,27,27,27,27,27,27,27,27,27,27,35,35,35,35,49,49,49
8096.5,41,41,41,41,41,41,34,34,34,34,34,34,34,20,20,20,20,20,20,49,49,49,49
8097,41,41,41,41,41,41,34,34,34,34,34,34,34,20,20,20,20,20,20,49,49,49,49
8097.5,41,41,41,41,41,41,34,34,34,34,34,34,34,20,20,20,20,20,20,49,49,49,49
8098,41,41,41,41,41,41,34,34,34,34,34,34,34,20,20,20,20,20,20,49,49,49,49
8098.5,41,41,41,41,41,41,34,34,34,34,34,34,34,20,20,20,20,20,20,49,49,49,49
8099,41,41,41,41,41,41,34,34,34,34,34,34,34,20,20,20,20,20,20,49,49,49,49
8099.5,41,41,41,41,41,41,34,34,34,34,34,34,34,20,20,20,20,20,20,49,49,49,49
8100,41,41,41,41,41,41,34,34,34,34,34,34,34,20,20,20,20,20,20,49,49,49,49
